<?xml version="1.0" encoding="UTF-8"?>
<project-private xmlns="http://www.netbeans.org/ns/project-private/1">
    <editor-bookmarks xmlns="http://www.netbeans.org/ns/editor-bookmarks/2" lastBookmarkId="0"/>
    <open-files xmlns="http://www.netbeans.org/ns/projectui-open-files/2">
        <group>
            <file>file:/Users/alexander-frey/Studium/Master%20WIN/SoSe%202013/Seba%20Master/Github/DistributedSystems/BasicStorageServer/src/app_kvClient/Application.java</file>
            <file>file:/Users/alexander-frey/Studium/Master%20WIN/SoSe%202013/Seba%20Master/Github/DistributedSystems/BasicStorageServer/src/testing/testing/AdditionalTest.java</file>
            <file>file:/Users/alexander-frey/Studium/Master%20WIN/SoSe%202013/Seba%20Master/Github/DistributedSystems/BasicStorageServer/src/client/KVStore.java</file>
            <file>file:/Users/alexander-frey/Studium/Master%20WIN/SoSe%202013/Seba%20Master/Github/DistributedSystems/BasicStorageServer/src/testing/testing/AllTests.java</file>
            <file>file:/Users/alexander-frey/Studium/Master%20WIN/SoSe%202013/Seba%20Master/Github/DistributedSystems/BasicStorageServer/src/app_kvServer/KVServer.java</file>
            <file>file:/Users/alexander-frey/Studium/Master%20WIN/SoSe%202013/Seba%20Master/Github/DistributedSystems/BasicStorageServer/src/app_kvClient/ClientSocketListener.java</file>
            <file>file:/Users/alexander-frey/Studium/Master%20WIN/SoSe%202013/Seba%20Master/Github/DistributedSystems/BasicStorageServer/src/testing/testing/InteractionTest.java</file>
            <file>file:/Users/alexander-frey/Studium/Master%20WIN/SoSe%202013/Seba%20Master/Github/DistributedSystems/BasicStorageServer/src/testing/testing/ConnectionTest.java</file>
        </group>
    </open-files>
</project-private>
